389;12 Angry Men;1.454474;1957-03-25;false;340000;Drama;Orion-Nova Productions;1000000;96;0.0;Life is in their hands. Death is on their minds.;Released;8.0
62;2001: A Space Odyssey;2.596065;1968-04-05;false;12000000;Science Fiction:Mystery:Adventure;Stanley Kubrick Productions:Metro-Goldwyn-Mayer (MGM);56715371;149;0.0;An epic drama of adventure and exploration;Released;7.6
20453;3 Idiots;1.322117;2009-12-23;false;9000000;Drama:Comedy:Romance;Vidhu Vinod Chopra Productions;70000000;170;0.0;Don't BE A STUPID BE AN I.D.I.O.T.;Released;7.8
453;A Beautiful Mind;2.84531;2001-12-11;false;60000000;Drama:Romance;Imagine Entertainment:DreamWorks SKG:Universal Pictures;313542341;135;0.0;I need to believe that something extra ordinary is possible....;Released;7.4
185;A Clockwork Orange;1.664474;1971-12-18;false;2200000;Drama:Science Fiction;Hawk Films:Warner Bros.;26589000;136;0.0;Being the adventures of a young man whose principal interests are rape, ultra-violence and Beethoven.;Released;7.6
702;A Streetcar Named Desire;1.308515;1951-09-18;false;1800000;Drama;Charles K. Feldman Group:Warner Bros.;8000000;125;0.0;...Blanche, who wanted so much to stay a lady...;Released;7.2
348;Alien;2.739546;1979-05-25;false;11000000;Horror:Action:Thriller:Science Fiction;Twentieth Century-Fox Productions:Brandywine Productions;104931801;117;0.0;In space no one can hear you scream.;Released;7.5
705;All About Eve;1.092728;1950-10-02;false;1400000;Drama;Twentieth Century Fox Film Corporation;8400000;138;0.0;It's all about women...and their men!;Released;7.4
143;All Quiet on the Western Front;0.711727;1930-04-21;false;1250000;Drama:War;Universal Pictures;0;133;0.0;They left for war as boys never to return as men.;Released;6.3
279;Amadeus;1.191002;1984-10-26;false;18000000;Drama:History:Music;AMLF:The Saul Zaentz Company;51564280;160;0.0;...Everything you've heard is true;Released;7.3
14;American Beauty;2.497375;1999-09-14;false;15000000;Drama;DreamWorks SKG:Jinks/Cohen Company;356296601;122;0.0;Look closer.;Released;7.6
73;American History X;1.734503;1998-10-30;false;20000000;Drama;New Line Cinema:The Turman-Morrissey Company:Savoy Pictures;23875127;119;0.0;Some Legacies Must End.;Released;7.9
55;Amores perros;0.978726;2000-03-14;false;2000000;Drama:Thriller;Altavista Films:Zeta Film;21000000;154;0.0;Love. Betrayal. Death.;Released;7.3
93;Anatomy of a Murder;0.983844;1959-07-01;false;0;Crime:Drama:Mystery:Thriller;Columbia Pictures;0;160;0.0;No search of human emotions has ever probed so deeply, so truthfully as ... Anatomy of a Murder.;Released;7.0
703;Annie Hall;1.253045;1977-04-19;false;4000000;Comedy:Drama:Romance;United Artists;38251425;93;0.0;A nervous romance.;Released;7.6
28;Apocalypse Now;1.9825;1979-08-15;false;31500000;Drama:War;Zoetrope Studios;83471511;153;0.0;This is the end...;Released;7.7
212;Arsenic and Old Lace;0.776526;1944-01-01;false;1120175;Comedy:Crime;Warner Bros.;0;118;0.0;She Passed Out On Cary! No Wonder . . . She's just discovered his favorite aunts have poisoned their 13th gentleman friend!;Released;7.2
105;Back to the Future;2.999851;1985-07-03;false;19000000;Adventure:Comedy:Science Fiction:Family;Universal Pictures:Amblin Entertainment:U-Drive Productions;381109762;116;0.0;He's the only kid ever to get into trouble before he was born.;Released;7.7
3175;Barry Lyndon;0.792359;1975-12-18;false;11000000;Drama:Romance:War;Hawk Films:Warner Bros.:Peregrine;20000000;184;0.0;At long last Redmond Barry became a gentleman -- and that was his tragedy.;Released;7.0
272;Batman Begins;3.498588;2005-06-14;false;150000000;Action:Crime:Drama;DC Comics:Legendary Pictures:Warner Bros.:DC Entertainment:Syncopy:Patalex III Productions Limited;374218673;140;0.0;Evil fears the knight.;Released;7.3
10020;Beauty and the Beast;2.630186;1991-11-12;false;25000000;Romance:Family:Animation:Fantasy:Music;Walt Disney Pictures:Walt Disney Animation Studios:Silver Screen Partners IV;377350553;84;0.0;The most beautiful love story ever told.;Released;7.2
76;Before Sunrise;1.170944;1995-01-27;false;2500000;Drama:Romance;Detour Film Production;5535405;105;0.0;Can the greatest moment of your life last only one night?;Released;7.5
665;Ben-Hur;1.250051;1959-11-18;false;15000000;Adventure:Drama:Action:History;Metro-Goldwyn-Mayer (MGM);90000000;212;0.0;The entertainment experience of a lifetime.;Released;6.9
44214;Black Swan;2.531664;2010-12-02;false;13000000;Drama:Mystery:Thriller;Fox Searchlight Pictures:Dune Entertainment:Protozoa Pictures:Cross Creek Pictures;327803731;108;0.0;In the era of personal branding, the scariest possibility is that someone might be better at being you than you are.;Released;7.0
78;Blade Runner;2.438538;1982-06-25;false;28000000;Science Fiction:Drama:Thriller;Shaw Brothers:Warner Bros.:The Ladd Company;32768670;117;0.0;Man has made his match... now it's his problem.;Released;7.7
197;Braveheart;2.44836;1995-05-24;false;72000000;Action:Drama:History:War;Icon Entertainment International:The Ladd Company:B.H. Finance C.V.;210000000;177;0.0;Every man dies.  Not every man truly lives.;Released;7.5
642;Butch Cassidy and the Sundance Kid;1.167763;1969-09-23;false;6000000;Western;Twentieth Century Fox Film Corporation:Campanile Productions:Newman-Foreman Productions;102308889;110;0.0;Not that it matters, but most of it is true.;Released;6.8
289;Casablanca;1.522255;1942-11-26;false;950000;Drama:Romance;Warner Bros.;10462500;102;0.0;They had a date with fate in Casablanca!;Released;7.5
524;Casino;1.625879;1995-11-22;false;52000000;Drama:Crime;Universal Pictures:Légende Entreprises:Syalis DA:De Fina-Cappa;116112375;178;0.0;No one stays at the top forever.;Released;7.5
829;Chinatown;1.654289;1974-06-20;false;6000000;Crime:Drama:Mystery:Thriller;Paramount Pictures:Penthouse:Long Road Productions;30000000;130;0.0;;Released;7.6
598;City of God;1.732047;2002-02-05;false;3300000;Drama:Crime;O2 Filmes:VideoFilmes:Wild Bunch:Globo filmes:Lumiere:Hank Levine Film:Lereby Productions;27387381;130;0.0;If you run you're dead...if you stay, you're dead again. Period.;Released;7.9
15;Citizen Kane;1.337007;1941-04-30;false;839727;Drama;Mercury Productions;23217674;119;0.0;It's Terrific!;Released;7.6
901;City Lights;1.595225;1931-01-30;false;1500000;Comedy:Drama:Romance;Charles Chaplin Productions;19181;87;0.0;True Blind Love;Released;7.9
903;Cool Hand Luke;1.082493;1967-06-22;false;0;Drama:Crime;Warner Bros.:Jalem Productions;16217773;126;0.0;What we've got here is failure to communicate.;Released;7.1
562;Die Hard;2.3282;1988-07-14;false;28000000;Action:Thriller;Twentieth Century Fox Film Corporation:Gordon Company:Silver Pictures;138708852;131;0.0;40 Stories. Twelve Terrorists. One Cop.;Released;7.1
17654;District 9;2.796831;2009-08-05;false;30000000;Action:Thriller:Science Fiction;WingNut Films:TriStar Pictures:Key Creatives:Block / Hanson:Canadian Film or Video Production Tax Credit (CPTC):The Department of Trade and Industry of South Africa:QED International:Province of British Columbia Production Services Tax Credit:District 9:New Zealand Post Digital and Visual Effects Grant;210819611;112;0.0;You are not welcome here.;Released;7.1
68718;Django Unchained;3.737374;2012-12-25;false;100000000;Drama:Western;Columbia Pictures:The Weinstein Company;425368238;165;0.0;Life, liberty and the pursuit of vengeance.;Released;7.6
968;Dog Day Afternoon;0.850362;1975-08-11;false;1800000;Crime:Drama:Thriller;Artists Entertainment Complex:Warner Bros.;46665856;125;0.0;The Most Bizarre Bank Siege Ever.;Released;7.1
141;Donnie Darko;1.61171;2001-01-18;false;6000000;Fantasy:Drama:Mystery;Pandora Cinema:Flower Films:Adam Fields Productions;1270522;113;0.0;Dark. Darker. Darko.;Released;7.5
996;Double Indemnity;0.822079;1944-04-24;false;927262;Drama:Mystery:Thriller;Paramount Pictures;2500000;107;0.0;From the Moment they met it was Murder!;Released;7.2
935;Dr. Strangelove or: How I Learned to Stop Worrying and Love the Bomb;1.062211;1964-01-29;false;1800000;Drama:Comedy:War;Hawk Films:Columbia Pictures Corporation;9440272;95;0.0;The hot-line suspense comedy;Released;7.7
1417;Pan's Labyrinth;1.998212;2006-05-27;false;19000000;Fantasy:Drama:War;Estudios Picasso:Telecinco Cinema:Esperanto Filmoj:Picturehouse Entertainment:Tequila Gang:Warner Bros. Pictures de España:Sententia Entertainment;83258226;118;0.0;What happens when make-believe believes it's real?;Released;7.4
38;Eternal Sunshine of the Spotless Mind;2.079165;2004-03-19;false;20000000;Science Fiction:Drama:Romance;Anonymous Content:This Is That Productions:Focus Features;72000000;108;0.0;I already forget how I used to feel about you.;Released;7.7
5961;Fanny & Alexander;0.683193;1982-12-17;false;0;Fantasy:Drama:Mystery;Sveriges Television (SVT):Cinematograph AB:Svenska Filminstitutet (SFI):Tobis Filmkunst;4971340;312;0.0;;Released;6.4
275;Fargo;1.696036;1996-04-05;false;7000000;Crime:Drama:Thriller;PolyGram Filmed Entertainment:Working Title Films;60611975;98;0.0;A lot can happen in the middle of nowhere.;Released;7.5
309;The Celebration;0.567822;1998-05-20;false;1300000;Drama;Nordic Film:Sveriges Television (SVT):Nimbus Film Productions;0;105;0.0;;Released;7.5
550;Fight Club;3.35888;1999-10-14;false;63000000;Drama;Regency Enterprises:Fox 2000 Pictures:Taurus Film:Linson Films:Atman Entertainment:Knickerbocker Films;100853753;139;0.0;How much can you know about yourself if you've never been in a fight?;Released;8.0
12;Finding Nemo;3.193341;2003-11-29;false;94000000;Animation:Family;Walt Disney Pictures:Pixar Animation Studios:Disney Enterprises;864625978;100;0.0;There are 3.7 trillion fish in the ocean, they're looking for one.;Released;7.3
13;Forrest Gump;4.448531;1994-06-22;false;55000000;Comedy:Drama:Romance;Paramount Pictures;677945399;142;0.0;The world will never be the same, once you've seen it through the eyes of Forrest Gump.;Released;8.0
600;Full Metal Jacket;2.044802;1987-05-31;false;17000000;Drama:War;Stanley Kubrick Productions:Warner Bros.:Natant;46357676;116;0.0;Vietnam can kill me, but it can’t make me care.;Released;7.6
783;Gandhi;1.464241;1982-11-30;false;22000000;Drama:History;Columbia Pictures:Goldcrest Films International:Indo-British:International Film Investors:National Film Development Corporation of India:Carolina Bank;77737889;191;0.0;His Triumph Changed The World Forever.;Released;7.0
98;Gladiator;3.105695;2000-05-01;false;103000000;Action:Drama:Adventure;DreamWorks SKG:Universal Pictures:Scott Free Productions:Red Wagon Entertainment:Mill Film:C & L:Dawliz;457640427;155;0.0;A Hero Will Rise.;Released;7.6
770;Gone with the Wind;1.200108;1939-12-15;false;4000000;Drama:Romance:War;Selznick International Pictures:Metro-Goldwyn-Mayer (MGM);400176459;238;0.0;The greatest romance of all time!;Released;7.0
489;Good Will Hunting;2.135542;1997-12-05;false;10000000;Drama;Miramax Films:Lawrence Bender Productions:Be Gentlemen Limited Partnership;225933435;126;0.0;Some people can never believe in themselves, until someone believes in them.;Released;7.6
769;Goodfellas;2.68619;1990-09-12;false;25000000;Drama:Crime;Warner Bros.;46836394;146;0.0;Three Decades of Life in the Mafia.;Released;8.0
13223;Gran Torino;1.635891;2008-12-11;false;33000000;Drama;Village Roadshow Pictures:Malpaso Productions:Gerber Pictures:Warner Bros.:Double Nickel Entertainment:Matten Productions:WV Films IV;269958228;116;0.0;Ever come across somebody you shouldn't have messed with?;Released;7.6
137;Groundhog Day;1.615543;1993-02-11;false;14600000;Romance:Fantasy:Drama:Comedy;Columbia Pictures;70906973;101;0.0;He's having the worst day of his life... over, and over...;Released;7.1
12445;Harry Potter and the Deathly Hallows: Part 2;4.356088;2011-07-07;false;125000000;Adventure:Fantasy:Family;Warner Bros.:Heyday Films:Moving Picture Company (MPC);1327817822;130;0.0;It all ends here.;Released;7.6
11787;Harvey;0.456287;1950-10-13;false;0;Comedy:Drama;Universal International Pictures (UI);0;104;0.0;The Wonderful Pulitzer Prize Play... becomes one of the Great Motion Pictures of our Time!;Released;7.5
949;Heat;1.622752;1995-12-15;false;60000000;Action:Crime:Drama:Thriller;Regency Enterprises:Forward Pass:Warner Bros.;187436818;171;0.0;A Los Angeles crime saga;Released;7.4
288;High Noon;1.074625;1952-03-27;false;750000;Western;United Artists:Stanley Kramer Productions;8000000;85;0.0;The story of a man who was too proud to run.;Released;7.0
205;Hotel Rwanda;1.307184;2004-09-11;false;17500000;Drama:History:War;Lions Gate Films:United Artists:Industrial Development Corporation of South Africa:Endgame Entertainment:Miracle Pictures:Sixth Sense Productions:Mikado Film:Inside Track Films;38000000;121;0.0;When the world closed its eyes, he opened his arms.;Released;7.2
10191;How to Train Your Dragon;3.225335;2010-03-05;false;165000000;Fantasy:Adventure:Animation:Family;DreamWorks Animation:Vertigo Entertainment:Mad Hatter Entertainment;494878759;98;0.0;One adventure will change two worlds;Released;7.3
429;The Good, the Bad and the Ugly;1.625205;1966-12-23;false;1200000;Western;United Artists:Constantin Film Produktion:Produzioni Europee Associati (PEA):Arturo González Producciones Cinematográficas S.A.;6000000;161;0.0;For three men the Civil War wasn't hell. It was practice.;Released;7.8
7984;In the Name of the Father;0.844417;1993-12-12;false;13000000;Drama;Universal Pictures:Hell's Kitchen Films;65796862;133;0.0;Falsely accused. Wrongly imprisoned. He fought for justice to clear his father's name.;Released;7.3
46738;Incendies;1.130382;2010-09-04;false;6800000;Drama:War:Mystery;TS Productions:Micro scope:Phi Group;7103838;130;0.0;The search began at the opening of their mother's will.;Released;7.8
27205;Inception;5.792563;2010-07-14;false;160000000;Action:Thriller:Science Fiction:Mystery:Adventure;Legendary Pictures:Warner Bros.:Syncopy;825500000;148;0.0;Your mind is the scene of the crime.;Released;7.9
89;Indiana Jones and the Last Crusade;2.61713;1989-05-24;false;48000000;Adventure:Action;Lucasfilm:Paramount Pictures;474171806;127;0.0;The man with the hat is back. And this time, he's bringing his Dad.;Released;7.4
10775;Infernal Affairs;1.344666;2002-12-12;false;0;Drama:Action:Thriller:Crime:Mystery;Media Asia Films;8708932;101;0.0;Loyalty. Honor. Betrayal.;Released;7.5
16869;Inglourious Basterds;3.162896;2009-08-18;false;70000000;Drama:Action:Thriller:War;Universal Pictures:A Band Apart:Zehnte Babelsberg:Visiona Romantica;319131050;153;0.0;Once upon a time in Nazi occupied France...;Released;7.7
5915;Into the Wild;2.427174;2007-09-20;false;15000000;Adventure:Drama;Paramount Vantage:River Road Entertainment:Art Linson Productions:Into the Wild;56255142;148;0.0;Into the heart. Into the soul.;Released;7.7
77338;The Intouchables;3.466358;2011-11-02;false;13000000;Drama:Comedy;Gaumont:Canal Plus:TF1 Films Production:CinéCinéma:Quad Productions:Chaocorp:Ten Films:TF1;426480871;112;0.0;Sometimes you have to reach into someone else's world to find out what's missing in your own.;Released;8.1
3078;It Happened One Night;1.158985;1934-02-22;false;325000;Comedy:Romance;Columbia Pictures Corporation;0;105;0.0;TOGETHER... for the first time;Released;7.3
1585;It's a Wonderful Life;1.081595;1946-12-20;false;3180000;Drama:Family:Fantasy;Liberty Films (II);6600000;130;0.0;It's a wonderful laugh! It's a wonderful love!;Released;7.5
103663;The Hunt;2.167535;2012-08-28;false;3800000;Drama;Zentropa Entertainments;16800000;115;0.0;The lie is spreading.;Released;7.8
578;Jaws;1.71681;1975-06-18;false;7000000;Horror:Thriller:Adventure;Universal Pictures:Zanuck/Brown Productions;470654000;124;0.0;Don't go in the water.;Released;7.2
329;Jurassic Park;1.251869;1993-06-08;false;63000000;Adventure:Science Fiction;Universal Pictures:Amblin Entertainment;920100000;127;0.0;An adventure 65 million years in the making.;Released;7.3
81;Nausicaä of the Valley of the Wind;1.937;1984-03-11;false;1000000;Adventure:Fantasy:Animation:Action:Science Fiction;Studio Ghibli:Nibariki:Hakuhodo;3301446;117;0.0;Loving the trees, speaking to insects, the bird people who fly on the wind...;Released;7.8
24;Kill Bill: Vol. 1;2.161608;2003-10-10;false;30000000;Action:Crime;Miramax Films:A Band Apart:Super Cool ManChu;180949000;111;0.0;Go for the kill.;Released;7.5
2118;L.A. Confidential;1.714597;1997-09-05;false;35000000;Crime:Drama:Mystery:Thriller;Regency Enterprises:Wolper Organization:Warner Bros.;126216940;138;0.0;Everything is suspect... Everyone is for sale... And nothing is what it seems.;Released;7.3
947;Lawrence of Arabia;1.49577;1962-12-10;false;15000000;Adventure:Drama:History:War;Columbia Pictures:Horizon Pictures (II);70000000;216;0.0;A Mighty Motion Picture Of Action And Adventure!;Released;7.4
87827;Life of Pi;2.447239;2012-11-20;false;120000000;Adventure:Drama:Action;Ingenious Film Partners:Ingenious Media:Dune Entertainment:Fox 2000 Pictures:Big Screen Productions:Haishang Films;609016565;127;0.0;Believe The Unbelievable;Released;7.0
100;Lock, Stock and Two Smoking Barrels;0.555326;1998-03-05;false;1350000;Comedy:Crime;Handmade Films Ltd.:Summit Entertainment:PolyGram Filmed Entertainment:SKA Films:The Steve Tisch Company;3897569;105;0.0;A Disgrace to Criminals Everywhere.;Released;7.3
832;M;1.254669;1931-05-11;false;0;Drama:Action:Thriller:Crime;Neuro-Film AG;0;117;0.0;;Released;7.6
24238;Mary and Max;1.10259;2009-02-09;false;8000000;Animation:Comedy:Drama;Melodrama Pictures;0;92;0.0;Sometimes perfect strangers make the best friends.;Released;7.5
77;Memento;2.134662;2000-10-11;false;9000000;Mystery:Thriller;Summit Entertainment:Newmarket Capital Group:Team Todd:I Remember Productions;39723096;113;0.0;Some memories are best forgotten.;Released;7.8
19;Metropolis;1.511335;1927-01-10;false;92620000;Drama:Science Fiction;Universum Film (UFA);650422;153;0.0;There can be no understanding between the hands and the brain unless the heart acts as mediator.;Released;7.8
70;Million Dollar Baby;1.614812;2004-12-14;false;30000000;Drama;Lakeshore Entertainment:Malpaso Productions:Epsilon Motion Pictures:Warner Bros.:Albert S. Ruddy Productions;216763646;132;0.0;Beyond his silence, there is a past. Beyond her dreams, there is a feeling. Beyond hope, there is a memory. Beyond their journey, there is a love.;Released;7.5
3082;Modern Times;1.522729;1936-02-05;false;1500000;Drama:Comedy;Charles Chaplin Productions;8500000;87;0.0;He stands alone as the greatest entertainer of modern times! No one on earth can make you laugh as heartily or touch your heart as deeply...the whole world laughs, cries and thrills to his priceless genius!;Released;7.9
128;Princess Mononoke;2.011865;1997-07-12;false;26500000;Adventure:Fantasy:Animation;Studio Ghibli:Nibariki:Nippon Television Network (NTV);159375308;134;0.0;The Fate Of The World Rests On The Courage Of One Warrior.;Released;8.0
585;Monsters, Inc.;4.483882;2001-11-01;false;115000000;Fantasy:Animation:Family:Comedy;Walt Disney Pictures:Pixar Animation Studios;562816256;92;0.0;We Scare Because We Care.;Released;7.3
762;Monty Python and the Holy Grail;1.390533;1975-03-13;false;400000;Adventure:Comedy:Fantasy;Python (Monty) Pictures Limited:Michael White Productions:National Film Trustee Company:Twickenham Film Studios;5028948;91;0.0;And now! At Last! Another film completely different from some of the other films which aren't quite the same as this one is.;Released;7.6
583;Life of Brian;1.866467;1979-08-16;false;4000000;Comedy;HandMade Films:Python (Monty) Pictures;20045115;94;0.0;He wasn't the messiah. He was a very naughty boy.;Released;7.4
3083;Mr. Smith Goes to Washington;0.612664;1939-01-01;false;1900000;Drama;Columbia Pictures;0;129;0.0;Romance, drama, laughter and heartbreak... created out of the very heart and soil of America!;Released;7.3
322;Mystic River;1.677174;2003-10-07;false;25000000;Thriller:Crime:Drama:Mystery;Village Roadshow Pictures:Malpaso Productions:NPV Entertainment:Warner Bros.;156822020;138;0.0;We bury our sins, we wash them clean.;Released;7.4
10774;Network;1.253074;1976-11-01;false;3800000;Drama;United Artists:Metro-Goldwyn-Mayer (MGM);23689877;121;0.0;Not since the dawn of time has America experienced a man like Howard Beale!;Released;7.1
6977;No Country for Old Men;1.624414;2007-11-08;false;25000000;Crime:Drama:Thriller;Miramax Films:Scott Rudin Productions:Paramount Vantage:Mike Zoss Productions;171600000;122;0.0;There are no clean getaways.;Released;7.6
213;North by Northwest;1.499806;1959-07-08;false;4000000;Mystery:Thriller;Metro-Goldwyn-Mayer (MGM);13275000;136;0.0;It's a deadly game of 'tag' and Cary Grant is 'it'...;Released;7.4
303;Notorious;0.896756;1946-08-15;false;2000000;Thriller:Drama:Romance;RKO Radio Pictures;8000000;102;0.0;Notorious woman of affairs... Adventurous man of the world;Released;7.6
11216;Cinema Paradiso;1.166155;1988-11-17;false;0;Drama:Romance;Cristaldifilm S.r.l.:Les Films Ariane:Rai Tre Radiotelevisione Italiana;11990401;124;0.0;A celebration of youth, friendship, and the everlasting magic of the movies.;Released;7.8
654;On the Waterfront;1.124679;1954-06-22;false;910000;Crime:Drama;Columbia Pictures:Horizon Pictures;9600000;108;0.0;The Man Lived by the Jungle Law of the Docks!;Released;7.8
311;Once Upon a Time in America;1.782817;1984-02-17;false;30000000;Drama:Crime;Warner Bros.:The Ladd Company;0;229;0.0;Crime, passion and lust for power - Sergio Leone's explosive saga of gangland America.;Released;7.8
510;One Flew Over the Cuckoo's Nest;3.311145;1975-11-18;false;3000000;Drama;Fantasy Films:Warner Bros.;108981275;133;0.0;If he's crazy, what does that make you?;Released;7.9
5924;Papillon;1.044275;1973-12-13;false;12000000;Crime:Drama;Solar Productions:Allied Artists Pictures:Corona-General;53267000;151;0.0;Not just a Great Escape. It was the Greatest.;Released;7.5
975;Paths of Glory;1.179841;1957-09-18;false;935000;Drama:War;Bryna Productions:Metro-Goldwyn-Mayer (MGM);0;88;0.0;It explodes in the no-man's land no picture ever dared cross before!;Released;7.7
391;A Fistful of Dollars;1.440723;1964-09-12;false;200000;Western;Constantin Film Produktion:Jolly Film:Ocean Films;14000000;99;0.0;In his own way he is perhaps, the most dangerous man who ever lived!;Released;7.2
797;Persona;0.817493;1966-10-18;false;0;Drama;Svensk Filmindustri;0;85;0.0;One of the ten greatest films of all time.;Released;7.4
22;Pirates of the Caribbean: The Curse of the Black Pearl;4.673693;2003-07-03;false;140000000;Adventure:Fantasy:Action;Walt Disney Pictures:Jerry Bruckheimer Films;655011224;143;0.0;Prepare to be blown out of the water.;Released;7.2
792;Platoon;1.773984;1986-12-18;false;6000000;Drama:War:Action;Orion Pictures:Hemdale Film Corporation;138530565;120;0.0;The first casualty of war is innocence.;Released;7.3
539;Psycho;2.109899;1960-08-14;false;806948;Drama:Horror:Thriller;Shamley Productions;32000000;109;0.0;The master of suspense moves his cameras into the icy blackness of the unexplored!;Released;7.9
680;Pulp Fiction;3.083253;1994-10-14;false;8000000;Thriller:Crime;Miramax Films:A Band Apart:Jersey Films;213928762;154;0.0;Just because you are a character doesn't mean you have character.;Released;8.0
1578;Raging Bull;1.299175;1980-11-14;false;18000000;Drama;United Artists;23000000;129;0.0;An emotionally self-destructive boxer's journey through life, as the violence and temper that leads him to the top in the ring, destroys his life outside it.;Released;7.4
85;Raiders of the Lost Ark;3.03529;1981-06-12;false;18000000;Adventure:Action;Lucasfilm:Paramount Pictures;389925971;115;0.0;Indiana Jones - the new hero from the creators of JAWS and STAR WARS.;Released;7.4
380;Rain Man;2.281594;1988-12-11;false;25000000;Drama;United Artists:Star Partners II Ltd.;354825435;133;0.0;A journey through understanding and fellowship.;Released;7.3
11645;Ran;0.895514;1985-06-01;false;11500000;Action:Drama:History;Nippon Herald Films:Greenwich Film Productions:Herald Ace;4069653;162;0.0;The Greatest Shakespeare Film;Released;7.4
2062;Ratatouille;2.566413;2007-06-28;false;150000000;Family:Fantasy:Animation;Walt Disney Pictures:Pixar Animation Studios;623722818;111;0.0;He's dying to become a chef.;Released;7.2
567;Rear Window;1.382524;1954-08-01;false;1000000;Mystery:Thriller;Paramount Pictures;36764313;112;0.0;It only takes one witness to spoil the perfect crime.;Released;7.8
223;Rebecca;1.06648;1940-04-12;false;1288000;Drama:Mystery:Romance:Thriller;Selznick International Pictures;43455;130;0.0;The shadow of this woman darkened their love.;Released;7.0
641;Requiem for a Dream;0.748726;2000-10-27;false;4500000;Drama;Artisan Entertainment;7390108;102;0.0;From the director of [Pi];Released;7.6
500;Reservoir Dogs;2.217025;1992-06-25;false;1200000;Crime:Thriller;Live Entertainment:Dog Eat Dog Productions Inc.;14661007;99;0.0;Every dog has his day.;Released;7.9
1366;Rocky;1.701243;1976-11-21;false;1100000;Drama;United Artists;117235147;119;0.0;His whole life was a million-to-one shot.;Released;7.1
804;Roman Holiday;1.190498;1953-09-02;false;1500000;Comedy:Romance;Paramount Pictures;12000000;119;0.0;Romance in romantic Rome!;Released;7.6
1580;Rope;1.033202;1948-08-23;false;1500000;Crime:Drama:Mystery:Thriller;Transatlantic Pictures:Warner Bros.:Metro-Goldwyn-Mayer (MGM);0;80;0.0;;Released;7.4
805;Rosemary's Baby;1.246999;1968-06-12;false;3200000;Horror:Drama:Mystery;Paramount Pictures:William Castle Productions;33395426;136;0.0;Pray for Rosemary's Baby;Released;7.2
857;Saving Private Ryan;2.042072;1998-07-24;false;70000000;Drama:History:War;Paramount Pictures:DreamWorks SKG:Amblin Entertainment:Mutual Film Company:Mark Gordon Productions;481840909;169;0.0;The mission is a man.;Released;7.6
111;Scarface;2.132064;1983-12-08;false;25000000;Action:Crime:Drama:Thriller;Universal Pictures;65884703;170;0.0;The world is yours...;Released;7.8
424;Schindler's List;2.635044;1993-11-29;false;22000000;Drama:History:War;Universal Pictures:Amblin Entertainment;321265768;195;0.0;Whoever saves one life, saves the world entire.;Released;8.0
807;Se7en;2.923086;1995-09-22;false;33000000;Crime:Mystery:Thriller;New Line Cinema:Juno Pix:Cecchi Gori Pictures;327311859;127;0.0;Seven deadly sins. Seven ways to die.;Released;7.8
11324;Shutter Island;3.329695;2010-02-18;false;80000000;Drama:Thriller:Mystery;Paramount Pictures:Appian Way:Phoenix Pictures:Sikelia Productions;294804195;138;0.0;Someone is missing.;Released;7.5
187;Sin City;2.533993;2005-03-31;false;40000000;Action:Thriller:Crime;Dimension Films:Troublemaker Studios:Miramax;158733820;124;0.0;Walk down the right back alley in Sin City and you can find anything...;Released;7.1
872;Singin' in the Rain;1.23759;1952-04-10;false;2540800;Comedy:Music:Romance;Metro-Goldwyn-Mayer (MGM);7200000;103;0.0;What a Glorious Feeling!;Released;7.4
993;Sleuth;0.762855;1972-12-10;false;0;Thriller:Mystery;Palomar Pictures;0;138;0.0;If it was murder, where's the body?;Released;7.0
12405;Slumdog Millionaire;1.664854;2008-05-12;false;15000000;Drama:Romance;Celador Films:Warner Bros.:Film4;377910544;120;0.0;What does it take to find a lost love? A. Money B. Luck C. Smarts D. Destiny;Released;7.5
107;Snatch;1.826432;2000-09-01;false;10000000;Thriller:Crime;Columbia Pictures Corporation:SKA Films;83557872;103;0.0;Stealin' Stones and Breakin' Bones.;Released;7.5
239;Some Like It Hot;1.47368;1959-03-29;false;3500000;Comedy;United Artists;25000000;122;0.0;The movie too HOT for words!;Released;7.7
235;Stand by Me;1.591141;1986-08-07;false;8000000;Crime:Drama;Columbia Pictures;52287000;89;0.0;For some, it's the last real taste of innocence, and the first real taste of life.;Released;7.4
13475;Star Trek;2.837271;2009-05-06;false;150000000;Science Fiction:Action:Adventure;Paramount Pictures:Spyglass Entertainment:Bad Robot:MavroCine Pictures GmbH & Co. KG;385680446;127;0.0;The future begins.;Released;7.3
1892;Return of the Jedi;2.164433;1983-05-23;false;32350000;Adventure:Action:Science Fiction;Lucasfilm:Twentieth Century Fox Film Corporation;572700000;135;0.0;The Empire Falls...;Released;7.7
845;Strangers on a Train;1.037126;1951-06-19;false;1200000;Crime:Thriller;Warner Bros.;0;101;0.0;It starts with a shriek of a train whistle...and ends with shrieking excitement.;Released;7.1
599;Sunset Boulevard;1.52238;1950-08-10;false;1752000;Drama:Romance;Paramount Pictures;0;110;0.0;"I'm ready for my close-up!";Released;7.8
7508;Like Stars on Earth;0.429577;2007-12-21;false;2600000;Drama;Aamir Khan Productions:UTV Motion Pictures:Walt Disney Studios Home Entertainment:PVR Cinemas;28430000;165;0.0;Every child is special;Released;7.7
103;Taxi Driver;1.957225;1976-02-08;false;1300000;Crime:Drama;Columbia Pictures Corporation:Italo/Judeo Productions:Bill/Phillips;28262574;113;0.0;On every street in every city, there's a nobody who dreams of being a somebody.;Released;7.8
280;Terminator 2: Judgment Day;3.27675;1991-07-01;false;100000000;Action:Thriller:Science Fiction;Canal Plus:Lightstorm Entertainment:Pacific Western:Carolco Pictures;520000000;137;0.0;It's nothing personal.;Released;7.4
284;The Apartment;1.126749;1960-06-15;false;3000000;Comedy:Drama:Romance;United Artists:The Mirisch Company;25000000;125;0.0;Movie-wise, there has never been anything like it - laugh-wise, love-wise, or otherwise-wise!;Released;7.8
74643;The Artist;1.421046;2011-05-15;false;15000000;Drama:Comedy:Romance;La Petite Reine:Studio 37;133432856;100;0.0;A Breath Of Fresh Vintage Air;Released;7.2
24428;The Avengers;10.671656;2012-04-25;false;220000000;Science Fiction:Action:Adventure;Marvel Studios;1518594910;143;0.0;Some assembly required.;Released;7.3
887;The Best Years of Our Lives;1.040445;1946-11-21;false;2100000;Drama:History:Romance;Samuel Goldwyn Company, The;23650000;172;0.0;Three wonderful loves in the best picture of the year!;Released;6.1
115;The Big Lebowski;2.486718;1998-02-15;false;15000000;Comedy:Crime;PolyGram Filmed Entertainment:Working Title Films;27739163;117;0.0;They figured he was a lazy time wasting slacker. They were right.;Released;7.5
910;The Big Sleep;1.007242;1945-10-11;false;0;Crime:Drama:Mystery:Thriller;Warner Bros.;0;116;0.0;The picture they were born for!;Released;7.2
2503;The Bourne Ultimatum;2.720815;2007-08-03;false;70000000;Action:Drama:Mystery:Thriller;Universal Pictures:The Kennedy/Marshall Company:Ludlum Entertainment:Motion Picture BETA Produktionsgesellschaft:Bourne Again:Angel Studios;227471070;115;0.0;Remember everything. Forgive nothing.;Released;7.1
826;The Bridge on the River Kwai;1.388724;1957-10-02;false;3000000;Drama:History:War;Columbia Pictures Corporation:Horizon Pictures (II);33300000;161;0.0;Be Happy in Your Work...;Released;7.2
155;The Dark Knight;4.986979;2008-07-16;false;185000000;Drama:Action:Crime:Thriller;DC Comics:Legendary Pictures:Warner Bros.:Syncopy;1001921825;152;0.0;Why So Serious?;Released;8.0
11778;The Deer Hunter;1.517603;1978-12-08;false;15000000;Drama:War;Universal Pictures:EMI Films Ltd.;50000000;182;0.0;One of the most important and powerful films of all time!;Released;7.4
1422;The Departed;2.52423;2006-10-05;false;90000000;Drama:Thriller:Crime;Vertigo Entertainment:Media Asia Films:Warner Bros.:Initial Entertainment Group (IEG):Plan B Entertainment;289847354;151;0.0;Lies. Betrayal. Sacrifice. How far will you take it?;Released;7.7
1955;The Elephant Man;1.624446;1980-10-03;false;5000000;Drama:History;Brooksfilms;26010864;124;0.0;I am not an animal! I am a human being! I...am...a man!;Released;7.6
9552;The Exorcist;1.908118;1973-12-26;false;8000000;Drama:Horror:Thriller;Warner Bros.:Hoya Productions;441306145;122;0.0;Something almost beyond comprehension is happening to a girl on this street, in this house... and a man has been sent for as a last resort. This man is The Exorcist.;Released;7.1
961;The General;0.878146;1926-12-31;false;750000;Adventure:Drama:Action:Comedy:Romance:War;Buster Keaton Productions:Joseph M. Schenck Productions;0;79;0.0;Buster drives "The General" to trainload of laughter. (Trade paper ad).;Released;7.6
238;The Godfather;3.904303;1972-03-15;false;6000000;Drama:Crime;Paramount Pictures:Alfran Productions;245066411;175;0.0;An offer you can't refuse.;Released;8.2
962;The Gold Rush;0.717123;1925-06-26;false;923000;Adventure:Comedy:Drama:Family;Charles Chaplin Productions;2500000;95;0.0;The World's Greatest Laughing Picture!;Released;7.1
37247;The Graduate;1.466993;1967-12-21;false;3000000;Comedy:Drama:Romance;Embassy Pictures Corporation:Lawrence Turman;104397102;106;0.0;This is Benjamin. He's a little worried about his future.;Released;7.4
596;The Grapes of Wrath;1.265034;1940-03-15;false;750000;Drama;Twentieth Century Fox Film Corporation;0;129;0.0;The most discussed book in years - now comes to the screen to become the most discussed picture in ages;Released;6.6
914;The Great Dictator;1.350649;1940-10-15;false;2000000;Comedy;United Artists;11;125;0.0;Once again - the whole world laughs!;Released;7.8
5925;The Great Escape;1.292142;1963-06-20;false;4000000;Adventure:Drama:History:Thriller:War;The Mirisch Corporation;5000000;172;0.0;Put a fence in front of these men...and they'll climb it...;Released;7.4
497;The Green Mile;2.146274;1999-12-10;false;60000000;Fantasy:Drama:Crime;Castle Rock Entertainment:Darkwoods Productions:Warner Bros.;284600000;189;0.0;Miracles do happen.;Released;7.9
49051;The Hobbit: An Unexpected Journey;3.630663;2012-11-26;false;250000000;Adventure:Fantasy:Action;WingNut Films:New Line Cinema:Metro-Goldwyn-Mayer (MGM);1017003568;169;0.0;From the smallest beginnings come the greatest legends.;Released;6.8
990;The Hustler;1.380733;1961-09-25;false;2000000;Drama;20th Century Fox:Rossen Films;0;134;0.0;They called him Fast Eddie. He was a winner. He was a loser. He was a hustler.;Released;7.2
10098;The Kid;1.025709;1921-01-21;false;250000;Comedy:Drama;Charles Chaplin Productions;2500000;68;0.0;6 reels of Joy.;Released;7.8
247;The Killing;0.703007;1956-05-20;false;320000;Drama:Action:Thriller:Crime;United Artists:Harris-Kubrick Productions;0;85;0.0;...Like No Other Picture Since "Scarface" and "Little Caesar"!;Released;7.1
45269;The King's Speech;1.670038;2010-09-06;false;15000000;Drama:History;The Weinstein Company:UK Film Council:Bedlam Productions:See-Saw Films:Aegis Film Fund:FilmNation Entertainment:Momentum Pictures:Molinare Investment;414211549;118;0.0;Find your voice.;Released;7.3
8587;The Lion King;2.779209;1994-06-23;false;45000000;Animation:Family:Drama;Walt Disney Pictures:Walt Disney Feature Animation;788241776;89;0.0;Life's greatest adventure is finding your place in the Circle of Life.;Released;7.6
121;The Lord of the Rings: The Two Towers;3.216136;2002-12-18;false;79000000;Adventure:Fantasy:Action;WingNut Films:New Line Cinema:The Saul Zaentz Company;926287400;179;0.0;A New Power Is Rising.;Released;7.7
963;The Maltese Falcon;1.332045;1941-11-18;false;375000;Crime:Drama:Thriller;Warner Bros.;1000000;100;0.0;A story as EXPLOSIVE as his BLAZING automatics!;Released;7.5
11697;The Man Who Shot Liberty Valance;1.396737;1962-04-22;false;3200000;Western;Paramount Pictures:John Ford Productions;8000000;123;0.0;Together For The First Time - James Stewart - John Wayne - in the masterpiece of four-time Academy Award winner John Ford;Released;7.0
982;The Manchurian Candidate;1.234757;1962-10-24;false;80000000;Mystery:Thriller;MC Productions;96105910;126;0.0;When you've seen it all, you'll swear there's never been anything like it!;Released;6.7
603;The Matrix;5.012145;1999-03-30;false;63000000;Adventure:Action:Thriller:Science Fiction;Village Roadshow Pictures:Groucho II Film Partnership:Silver Pictures:Warner Bros.;463517383;136;0.0;Welcome to the Real World.;Released;7.7
3112;The Night of the Hunter;0.894975;1955-04-03;false;795000;Thriller:Crime;United Artists;0;93;0.0;The wedding night, the anticipation, the kiss, the knife, BUT ABOVE ALL...THE SUSPENSE!;Released;7.4
423;The Pianist;1.905664;2002-09-24;false;35000000;Drama:War;Canal Plus:Bac Films:Canal+Polska:Heritage Films:Studio Babelsberg:Agencja Produkcji Filmowej:Beverly Detroit:FilmFernsehFonds Bayern:Filmboard Berlin-Brandenburg (FBB):Mainstream S.A.:R.P. Productions:StudioCanal:Filmförderungsanstalt (FFA):Interscope Communications:Telewizja Polska (TVP):Runteam;120072577;150;0.0;Music was his passion. Survival was his masterpiece.;Released;7.8
1124;The Prestige;2.707629;2006-10-19;false;40000000;Drama:Mystery:Thriller;Newmarket Productions:Warner Bros.:Touchstone Pictures:Syncopy;109676311;130;0.0;Are You Watching Closely?;Released;7.7
2493;The Princess Bride;1.685625;1987-09-18;false;16000000;Adventure:Family:Fantasy:Comedy:Romance;Act III Communications:The Princess Bride Ltd.:Buttercup Films Ltd.;30857814;98;0.0;It's as real as the feelings you feel.;Released;7.5
278;The Shawshank Redemption;3.500532;1994-09-10;false;25000000;Drama:Crime;Castle Rock Entertainment;28341469;142;0.0;Fear can hold you prisoner. Hope can set you free.;Released;8.3
694;The Shining;1.995621;1980-05-22;false;19000000;Horror:Thriller;Hawk Films:Producers Circle:Warner Bros.:Peregrine;44017374;144;0.0;A masterpiece of modern horror.;Released;7.8
274;The Silence of the Lambs;0.672114;1991-02-14;false;19000000;Crime:Drama:Thriller;Orion Pictures:Strong Heart/Demme Production;272742922;118;0.0;To enter the mind of a killer she must challenge the mind of a madman.;Released;7.7
745;The Sixth Sense;3.182331;1999-08-02;false;40000000;Mystery:Thriller:Drama;Spyglass Entertainment:The Kennedy/Marshall Company:Hollywood Pictures:Barry Mendel Productions;672806292;107;0.0;Not every gift is a blessing.;Released;7.4
9277;The Sting;1.370345;1973-12-25;false;5500000;Comedy:Crime:Drama;Universal Pictures;159616327;129;0.0;...all it takes is a little Confidence.;Released;7.7
218;The Terminator;3.510889;1984-10-26;false;6400000;Action:Thriller:Science Fiction;Pacific Western:Hemdale Film:Cinema 84:Euro Film Funding;78371200;108;0.0;Your future is in his hands.;Released;7.0
1091;The Thing;1.246053;1982-06-25;false;10000000;Horror:Science Fiction:Mystery:Thriller;Universal Pictures:Turman-Foster Company;13782838;109;0.0;Man is The Warmest Place to Hide.;Released;7.4
1092;The Third Man;1.072312;1949-08-31;false;0;Thriller:Mystery;London Film Productions:British Lion Film Corporation;596349;104;0.0;Hunted by men...Sought by WOMEN!;Released;7.4
3090;The Treasure of the Sierra Madre;0.968954;1948-01-24;false;3800000;Action:Adventure:Drama:Western;Warner Bros.;4;126;0.0;The nearer they get to their treasure, the farther they get from the law.;Released;7.3
37165;The Truman Show;3.890651;1998-06-04;false;60000000;Comedy:Drama;Paramount Pictures:Scott Rudin Productions;264118201;103;0.0;On the air. Unaware;Released;7.4
117;The Untouchables;1.588936;1987-06-02;false;25000000;Crime:Drama:History:Thriller;Paramount Pictures;76270454;119;0.0;What are you prepared to do?;Released;7.4
629;The Usual Suspects;2.736029;1995-07-19;false;6000000;Drama:Crime:Thriller;PolyGram Filmed Entertainment;23341568;106;0.0;Five Criminals. One Line Up. No Coincidence.;Released;7.9
576;The Wild Bunch;1.069571;1969-06-17;false;6244087;Adventure:Western;Warner Brothers/Seven Arts;638641;145;0.0;If you only want to spend two hours in a movie theatre and go home and forget it, stay away from THE WILD BUNCH.;Released;7.3
630;The Wizard of Oz;1.618514;1939-04-17;false;2777000;Adventure:Family:Fantasy;Loew's:Metro-Goldwyn-Mayer (MGM);16538431;102;0.0;We're off to see the Wizard, the wonderful Wizard of Oz!;Released;6.9
7345;There Will Be Blood;2.29349;2007-12-28;false;25000000;Drama;Miramax Films:Ghoulardi Film Company:Paramount Vantage;76181545;158;0.0;There Will Be Greed. There Will Be Vengeance.;Released;7.8
595;To Kill a Mockingbird;1.156232;1962-12-25;false;2000000;Crime:Drama:Mystery;Pakula-Mulligan:Universal International Pictures (UI):Brentwood Productions;13129846;129;0.0;The most beloved Pulitzer Prize book now comes vividly alive on the screen!;Released;7.6
8392;My Neighbor Totoro;2.163339;1988-04-16;false;0;Fantasy:Animation:Family;Studio Ghibli:Nibariki:Tokuma Japan Communications Co. Ltd.;0;86;0.0;These strange creatures still exist in Japan. Probably.;Released;7.9
1480;Touch of Evil;0.962129;1958-04-23;false;829000;Drama:Thriller:Crime;Universal International Pictures (UI);2247465;108;0.0;THE STRANGEST VENGEANCE EVER PLANNED!;Released;7.3
862;Toy Story;2.940842;1995-10-30;false;30000000;Animation:Comedy:Family;Walt Disney Pictures:Pixar Animation Studios;361958736;81;0.0;The adventure takes off!;Released;7.5
627;Trainspotting;2.456127;1996-02-23;false;4000000;Drama:Crime;Channel Four Films:Noel Gay Motion Picture Company:Figment Films;16491080;94;0.0;Choose life.;Released;7.5
110;Three Colors: Red;0.868834;1994-05-27;false;0;Drama:Mystery:Romance;Zespół Filmowy TOR:Le Studio Canal+:France 3 Cinéma:Télévision Suisse-Romande;0;99;0.0;;Released;7.5
